12345678A;Juan Perez;30;612336669;juanperez@gmail.com
23456789B;Maria LÃ³pez;25;666666666;marialopez@gmail.com
34567890C;Antonio Garcia;40;777777777;antgar@gmail.com
12345678A;Juan Perez;30;612336669;juanperez@gmail.com
23456789B;Maria López;25;666666666;marialopez@gmail.com
34567890C;Antonio Garcia;40;777777777;antgar@gmail.com
12345678A;Juan Perez;30;612336669;juanperez@gmail.com
23456789B;Maria López;25;666666666;marialopez@gmail.com
34567890C;Antonio Garcia;40;777777777;antgar@gmail.com
12345678A;Juan Perez;30;612336669;juanperez@gmail.com
23456789B;Maria López;25;666666666;marialopez@gmail.com
34567890C;Antonio Garcia;40;777777777;antgar@gmail.com
12345678A;Juan Perez;30;612336669;juanperez@gmail.com
23456789B;Maria López;25;666666666;marialopez@gmail.com
34567890C;Antonio Garcia;40;777777777;antgar@gmail.com
12345678A;Juan Perez;30;612336669;juanperez@gmail.com
23456789B;Maria López;25;666666666;marialopez@gmail.com
34567890C;Antonio Garcia;40;777777777;antgar@gmail.com
12345678A;Juan Perez;30;612336669;juanperez@gmail.com
23456789B;Maria López;25;666666666;marialopez@gmail.com
34567890C;Antonio Garcia;40;777777777;antgar@gmail.com
12345678A;Juan Perez;30;612336669;juanperez@gmail.com
23456789B;Maria López;25;666666666;marialopez@gmail.com
34567890C;Antonio Garcia;40;777777777;antgar@gmail.com
12345678A;Juan Perez;30;612336669;juanperez@gmail.com
23456789B;Maria López;25;666666666;marialopez@gmail.com
34567890C;Antonio Garcia;40;777777777;antgar@gmail.com
12345678A;Juan Perez;30;612336669;juanperez@gmail.com
23456789B;Maria López;25;666666666;marialopez@gmail.com
34567890C;Antonio Garcia;40;777777777;antgar@gmail.com
12345678A;Juan Perez;30;612336669;juanperez@gmail.com
23456789B;Maria López;25;666666666;marialopez@gmail.com
34567890C;Antonio Garcia;40;777777777;antgar@gmail.com
